<?xml version="1.0"?>
<!DOCTYPE hibernate-mapping PUBLIC "-//Hibernate/Hibernate Mapping DTD 3.0//EN"
"http://hibernate.sourceforge.net/hibernate-mapping-3.0.dtd">
<hibernate-mapping>
    <class name="model.Loging" table="logins">
        <id name="idLogin" type="int">
            <column name="idLogin" />
            <generator class="identity" />
        </id>
        
        <property name="username" type="string">
            <column name="username" length="20" not-null="true"/>
        </property>
        
        <property name="password" type="string">
            <column name="password" length="30" not-null="true"/>
        </property>
    </class>
</hibernate-mapping>
